id;god;period;zakazchik;otrasl;gorod;ploshchadka;ploshchad_m2;tip_zastroyki;cena_rub;srok_plan_dney;srok_fakt_dney;povtornyy_klient
P-2020-001;2020;2020-09;Клиент 01;логистика;Екатеринбург;МВЦ Северный;36;стандарт;710000;18;23;да
P-2020-002;2020;2020-10;Клиент 02;логистика;Новосибирск;Центральный павильон;140;эксклюзив;8377000;10;13;да
P-2020-003;2020;2020-11;Клиент 03;производитель оборудования;Екатеринбург;Речной форум;100;стандарт;2297000;12;14;нет
P-2020-004;2020;2020-05;Клиент 04;девелопер;Казань;МВЦ Северный;36;эксклюзив;1901000;21;21;нет
P-2020-005;2020;2020-10;Клиент 05;девелопер;Москва;Центральный павильон;54;улучшенный стандарт;1626000;14;19;да
P-2020-006;2020;2020-11;Клиент 06;производитель оборудования;Новосибирск;Центральный павильон;24;улучшенный стандарт;619000;18;25;нет
P-2020-007;2020;2020-04;Клиент 07;FMCG;Москва;МВЦ Северный;24;комбинированный;989000;14;15;да
P-2020-008;2020;2020-11;Клиент 08;производитель оборудования;Новосибирск;Волжский экспоцентр;72;комбинированный;2465000;21;28;нет
P-2020-009;2020;2020-09;Клиент 09;девелопер;Екатеринбург;Речной форум;24;улучшенный стандарт;726000;16;16;да
P-2020-010;2020;2020-05;Клиент 10;логистика;Москва;Приморский экспоцентр;54;эксклюзив;3014000;10;10;нет
P-2020-011;2020;2020-02;Клиент 11;производитель оборудования;Москва;Речной форум;72;стандарт;1685000;21;24;нет
P-2020-012;2020;2020-09;Клиент 12;девелопер;Новосибирск;МВЦ Северный;72;стандарт;1561000;16;21;нет
P-2021-013;2021;2021-03;Клиент 13;девелопер;Москва;Приморский экспоцентр;24;комбинированный;894000;10;15;нет
P-2021-014;2021;2021-10;Клиент 14;FMCG;Казань;МВЦ Северный;80;улучшенный стандарт;2049000;21;22;нет
P-2021-015;2021;2021-10;Клиент 15;фарма;Санкт-Петербург;Центральный павильон;100;эксклюзив;5882000;16;18;нет
P-2021-016;2021;2021-05;Клиент 16;девелопер;Москва;МВЦ Северный;60;стандарт;1480000;18;25;да
P-2021-017;2021;2021-03;Клиент 17;логистика;Новосибирск;Волжский экспоцентр;36;комбинированный;1269000;21;21;нет
P-2021-018;2021;2021-10;Клиент 18;IT;Москва;Сибирский экспоцентр;60;улучшенный стандарт;1888000;14;21;да
P-2021-019;2021;2021-10;Клиент 19;логистика;Екатеринбург;Сибирский экспоцентр;40;улучшенный стандарт;1260000;14;21;нет
P-2021-020;2021;2021-11;Клиент 20;IT;Санкт-Петербург;МВЦ Северный;90;эксклюзив;4617000;16;18;нет
P-2021-021;2021;2021-09;Клиент 21;FMCG;Москва;Волжский экспоцентр;60;комбинированный;2294000;18;21;нет
P-2021-022;2021;2021-10;Клиент 22;FMCG;Новосибирск;Сибирский экспоцентр;72;комбинированный;2564000;18;20;нет
P-2021-023;2021;2021-09;Клиент 23;производитель оборудования;Санкт-Петербург;Приморский экспоцентр;60;улучшенный стандарт;1547000;18;25;нет
P-2022-024;2022;2022-02;Клиент 24;IT;Москва;Речной форум;90;улучшенный стандарт;2590000;16;18;да
P-2022-025;2022;2022-10;Клиент 25;производитель оборудования;Москва;Речной форум;36;эксклюзив;2162000;14;17;да
P-2022-026;2022;2022-04;Клиент 26;IT;Москва;МВЦ Северный;72;улучшенный стандарт;2190000;21;26;нет
P-2022-027;2022;2022-09;Клиент 27;FMCG;Москва;Приморский экспоцентр;54;улучшенный стандарт;1539000;14;14;да
P-2022-028;2022;2022-03;Клиент 28;IT;Москва;Речной форум;90;улучшенный стандарт;2529000;18;25;нет
P-2022-029;2022;2022-10;Клиент 29;фарма;Москва;Сибирский экспоцентр;90;эксклюзив;5306000;14;14;нет
P-2022-030;2022;2022-10;Клиент 30;IT;Москва;Центральный павильон;60;стандарт;1353000;16;19;нет
P-2022-031;2023;2023-03;Клиент 31;производитель оборудования;Москва;МВЦ Северный;120;комбинированный;4320000;14;19;нет
P-2022-032;2022;2022-09;Клиент 32;IT;Новосибирск;Приморский экспоцентр;120;стандарт;2740000;18;19;нет
P-2022-033;2022;2022-02;Клиент 33;логистика;Москва;Центральный павильон;24;эксклюзив;1445000;14;16;нет
P-2022-034;2022;2022-02;Клиент 34;FMCG;Санкт-Петербург;МВЦ Северный;40;стандарт;974000;10;15;нет
P-2023-035;2023;2023-02;Клиент 35;IT;Екатеринбург;Центральный павильон;160;комбинированный;5983000;18;18;да
P-2023-036;2023;2023-09;Клиент 36;фарма;Москва;Речной форум;80;комбинированный;3023000;14;14;да
P-2023-037;2023;2023-10;Клиент 37;IT;Санкт-Петербург;Речной форум;120;комбинированный;4189000;21;28;да
P-2023-038;2023;2023-05;Клиент 38;логистика;Новосибирск;Приморский экспоцентр;72;улучшенный стандарт;1911000;14;16;да
P-2023-039;2023;2023-03;Клиент 39;производитель оборудования;Санкт-Петербург;Речной форум;160;эксклюзив;9561000;14;19;нет
P-2023-040;2023;2023-04;Клиент 40;фарма;Санкт-Петербург;Волжский экспоцентр;40;эксклюзив;2289000;10;17;нет
P-2023-041;2023;2023-11;Клиент 41;фарма;Санкт-Петербург;Речной форум;36;комбинированный;1472000;10;13;нет
P-2023-042;2023;2023-02;Клиент 42;производитель оборудования;Новосибирск;Речной форум;54;комбинированный;1860000;14;19;нет
P-2023-043;2023;2023-03;Клиент 43;девелопер;Екатеринбург;Речной форум;72;комбинированный;2847000;10;13;нет
P-2023-044;2023;2023-03;Клиент 44;FMCG;Москва;Центральный павильон;54;улучшенный стандарт;1600000;21;28;да
P-2023-045;2023;2023-10;Клиент 45;фарма;Казань;Центральный павильон;160;стандарт;3667000;10;17;нет
P-2023-046;2023;2023-03;Клиент 46;девелопер;Санкт-Петербург;Сибирский экспоцентр;60;эксклюзив;3179000;14;14;да
P-2024-047;2024;2024-04;Клиент 47;FMCG;Казань;МВЦ Северный;160;эксклюзив;9071000;14;17;да
P-2024-048;2024;2024-09;Клиент 48;FMCG;Москва;Сибирский экспоцентр;40;комбинированный;1409000;21;23;нет
P-2024-049;2024;2024-03;Клиент 49;FMCG;Санкт-Петербург;Центральный павильон;120;комбинированный;4500000;14;19;нет
P-2024-050;2024;2024-09;Клиент 50;девелопер;Санкт-Петербург;Речной форум;90;комбинированный;3787000;21;22;нет
P-2024-051;2024;2024-10;Клиент 51;девелопер;Москва;Речной форум;72;стандарт;1751000;12;14;нет
P-2024-052;2024;2024-05;Клиент 52;девелопер;Санкт-Петербург;Приморский экспоцентр;40;улучшенный стандарт;1135000;18;19;да
P-2024-053;2024;2024-10;Клиент 53;FMCG;Казань;Приморский экспоцентр;40;эксклюзив;2214000;21;21;нет
P-2024-054;2024;2024-03;Клиент 54;логистика;Екатеринбург;Приморский экспоцентр;160;стандарт;3297000;12;17;нет
P-2024-055;2024;2024-10;Клиент 55;производитель оборудования;Санкт-Петербург;Приморский экспоцентр;40;стандарт;940000;10;11;нет
P-2024-056;2024;2024-05;Клиент 56;фарма;Москва;Волжский экспоцентр;24;комбинированный;916000;10;15;нет
P-2024-057;2024;2024-09;Клиент 57;FMCG;Москва;Приморский экспоцентр;140;эксклюзив;6825000;14;21;да
P-2025-058;2025;2025-11;Клиент 58;фарма;Санкт-Петербург;Сибирский экспоцентр;80;эксклюзив;4818000;18;20;да
P-2025-059;2025;2025-03;Клиент 59;IT;Новосибирск;Волжский экспоцентр;160;улучшенный стандарт;4239000;10;11;да
P-2025-060;2025;2025-04;Клиент 60;логистика;Москва;Волжский экспоцентр;72;стандарт;1728000;21;28;нет
P-2025-061;2025;2025-04;Клиент 61;IT;Москва;МВЦ Северный;90;стандарт;1800000;18;25;да
P-2025-062;2025;2025-09;Клиент 62;девелопер;Санкт-Петербург;Сибирский экспоцентр;36;эксклюзив;1900000;14;15;да
P-2025-063;2025;2025-04;Клиент 63;фарма;Москва;Волжский экспоцентр;90;улучшенный стандарт;2755000;21;22;да
P-2025-064;2025;2025-03;Клиент 64;логистика;Москва;Речной форум;120;комбинированный;4680000;14;19;да
P-2025-065;2025;2025-04;Клиент 65;IT;Новосибирск;Центральный павильон;24;улучшенный стандарт;622000;18;25;да
P-2025-066;2025;2025-09;Клиент 66;производитель оборудования;Екатеринбург;МВЦ Северный;80;комбинированный;3020000;14;17;да
P-2025-067;2025;2025-09;Клиент 67;логистика;Санкт-Петербург;Сибирский экспоцентр;120;улучшенный стандарт;3527000;14;17;нет
P-2025-068;2025;2025-10;Клиент 68;фарма;Москва;Речной форум;36;комбинированный;1367000;16;17;да
