artikul;gruppa;naimenovanie;ed_izm;cena_rub;klass;nalichie
M-0001;Каркас;профиль алюминиевый 80;компл;2120;B;под заказ 14 дней
M-0002;Каркас;профиль алюминиевый 80 тип 2;компл;1900;C;под заказ 5 дней
M-0003;Каркас;профиль алюминиевый 80 тип 3;шт;2570;A;склад
M-0004;Каркас;профиль алюминиевый 80 тип 4;шт;2940;B;склад
M-0005;Каркас;профиль алюминиевый 80 тип 5;компл;3490;C;склад
M-0006;Каркас;профиль алюминиевый 80 тип 6;м;3040;C;под заказ 14 дней
M-0007;Каркас;стойка несущая 300 мм;шт;2870;C;под заказ 5 дней
M-0008;Каркас;стойка несущая 300 мм тип 2;шт;1310;B;склад
M-0009;Каркас;стойка несущая 300 мм тип 3;м²;3040;C;под заказ 14 дней
M-0010;Каркас;стойка несущая 300 мм тип 4;шт;2680;A;под заказ 14 дней
M-0011;Каркас;стойка несущая 300 мм тип 5;компл;2820;B;под заказ 5 дней
M-0012;Каркас;стойка несущая 300 мм тип 6;м;2900;C;под заказ 5 дней
M-0013;Каркас;балка 80 мм;компл;1140;A;под заказ 5 дней
M-0014;Каркас;балка 80 мм тип 2;м²;3000;C;под заказ 14 дней
M-0015;Каркас;балка 80 мм тип 3;м²;3000;A;под заказ 5 дней
M-0016;Каркас;балка 80 мм тип 4;компл;3270;C;склад
M-0017;Каркас;балка 80 мм тип 5;компл;1180;B;под заказ 5 дней
M-0018;Каркас;балка 80 мм тип 6;м²;2710;B;под заказ 5 дней
M-0019;Каркас;соединитель 300;компл;2130;B;склад
M-0020;Каркас;соединитель 300 тип 2;м²;3400;B;под заказ 5 дней
M-0021;Каркас;соединитель 300 тип 3;компл;3290;A;под заказ 14 дней
M-0022;Каркас;соединитель 300 тип 4;компл;3020;B;под заказ 5 дней
M-0023;Каркас;соединитель 300 тип 5;шт;2330;C;склад
M-0024;Каркас;соединитель 300 тип 6;м;1560;A;под заказ 14 дней
M-0025;Зашивка;панель МДФ 80 мм;м;4830;A;под заказ 14 дней
M-0026;Зашивка;панель МДФ 80 мм тип 2;м²;3670;B;склад
M-0027;Зашивка;панель МДФ 80 мм тип 3;м²;5080;C;под заказ 14 дней
M-0028;Зашивка;панель МДФ 80 мм тип 4;м²;4840;C;под заказ 14 дней
M-0029;Зашивка;панель МДФ 80 мм тип 5;м²;1490;C;склад
M-0030;Зашивка;панель МДФ 80 мм тип 6;компл;4750;C;под заказ 14 дней
M-0031;Зашивка;панель ЛДСП 300 мм;компл;5170;B;под заказ 5 дней
M-0032;Зашивка;панель ЛДСП 300 мм тип 2;шт;3630;A;под заказ 5 дней
M-0033;Зашивка;панель ЛДСП 300 мм тип 3;компл;2200;C;под заказ 14 дней
M-0034;Зашивка;панель ЛДСП 300 мм тип 4;шт;3440;C;под заказ 14 дней
M-0035;Зашивка;панель ЛДСП 300 мм тип 5;м²;4610;C;под заказ 14 дней
M-0036;Зашивка;панель ЛДСП 300 мм тип 6;шт;2680;B;под заказ 14 дней
M-0037;Зашивка;стекло закалённое 80 мм;компл;4970;B;склад
M-0038;Зашивка;стекло закалённое 80 мм тип 2;компл;3970;C;под заказ 14 дней
M-0039;Зашивка;стекло закалённое 80 мм тип 3;м;4160;C;под заказ 5 дней
M-0040;Зашивка;стекло закалённое 80 мм тип 4;м²;3100;A;склад
M-0041;Зашивка;стекло закалённое 80 мм тип 5;м²;2960;C;склад
M-0042;Зашивка;стекло закалённое 80 мм тип 6;шт;4740;A;под заказ 14 дней
M-0043;Зашивка;акрил 300 мм;шт;1700;A;склад
M-0044;Зашивка;акрил 300 мм тип 2;м²;1440;A;под заказ 5 дней
M-0045;Зашивка;акрил 300 мм тип 3;компл;1440;A;склад
M-0046;Зашивка;акрил 300 мм тип 4;м;2930;B;под заказ 5 дней
M-0047;Зашивка;акрил 300 мм тип 5;м²;2280;C;под заказ 5 дней
M-0048;Зашивка;акрил 300 мм тип 6;м²;3340;A;склад
M-0049;Отделка;плёнка самоклеящаяся 80;компл;1640;B;под заказ 5 дней
M-0050;Отделка;плёнка самоклеящаяся 80 тип 2;шт;2080;A;под заказ 14 дней
M-0051;Отделка;плёнка самоклеящаяся 80 тип 3;м²;1800;A;склад
M-0052;Отделка;плёнка самоклеящаяся 80 тип 4;компл;1740;B;под заказ 5 дней
M-0053;Отделка;плёнка самоклеящаяся 80 тип 5;шт;820;B;склад
M-0054;Отделка;плёнка самоклеящаяся 80 тип 6;м;1830;A;под заказ 5 дней
M-0055;Отделка;покраска RAL 300;м²;1210;B;склад
M-0056;Отделка;покраска RAL 300 тип 2;м;690;A;склад
M-0057;Отделка;покраска RAL 300 тип 3;м;1790;C;под заказ 14 дней
M-0058;Отделка;покраска RAL 300 тип 4;м;2090;C;под заказ 14 дней
M-0059;Отделка;покраска RAL 300 тип 5;шт;1120;A;под заказ 14 дней
M-0060;Отделка;покраска RAL 300 тип 6;компл;1720;B;под заказ 14 дней
M-0061;Отделка;шпон 80;компл;1070;B;под заказ 5 дней
M-0062;Отделка;шпон 80 тип 2;шт;2010;B;склад
M-0063;Отделка;шпон 80 тип 3;м;2360;A;под заказ 14 дней
M-0064;Отделка;шпон 80 тип 4;м;1450;B;склад
M-0065;Отделка;шпон 80 тип 5;шт;940;A;под заказ 14 дней
M-0066;Отделка;шпон 80 тип 6;компл;440;C;склад
M-0067;Отделка;ковролин 300;м²;1570;C;под заказ 14 дней
M-0068;Отделка;ковролин 300 тип 2;компл;1910;B;склад
M-0069;Отделка;ковролин 300 тип 3;м;370;B;под заказ 14 дней
M-0070;Отделка;ковролин 300 тип 4;шт;460;C;под заказ 14 дней
M-0071;Отделка;ковролин 300 тип 5;м;1380;B;склад
M-0072;Отделка;ковролин 300 тип 6;компл;350;C;склад
M-0073;Свет;светильник трековый 80 Вт;шт;1830;C;склад
M-0074;Свет;светильник трековый 80 Вт тип 2;шт;7580;C;под заказ 5 дней
M-0075;Свет;светильник трековый 80 Вт тип 3;м²;4870;A;под заказ 5 дней
M-0076;Свет;светильник трековый 80 Вт тип 4;м;9520;B;склад
M-0077;Свет;светильник трековый 80 Вт тип 5;м²;1560;C;под заказ 5 дней
M-0078;Свет;светильник трековый 80 Вт тип 6;м;6430;B;под заказ 5 дней
M-0079;Свет;лента LED 300 Вт/м;компл;3090;B;под заказ 14 дней
M-0080;Свет;лента LED 300 Вт/м тип 2;шт;2810;C;под заказ 5 дней
M-0081;Свет;лента LED 300 Вт/м тип 3;м²;11930;A;под заказ 14 дней
M-0082;Свет;лента LED 300 Вт/м тип 4;шт;2470;B;под заказ 14 дней
M-0083;Свет;лента LED 300 Вт/м тип 5;компл;5000;C;под заказ 5 дней
M-0084;Свет;лента LED 300 Вт/м тип 6;шт;8760;C;под заказ 5 дней
M-0085;Свет;профиль световой 80;шт;2250;C;под заказ 14 дней
M-0086;Свет;профиль световой 80 тип 2;м;6210;A;под заказ 5 дней
M-0087;Свет;профиль световой 80 тип 3;компл;2280;A;под заказ 5 дней
M-0088;Свет;профиль световой 80 тип 4;шт;2440;A;под заказ 14 дней
M-0089;Свет;профиль световой 80 тип 5;шт;3900;B;склад
M-0090;Свет;профиль световой 80 тип 6;шт;4050;B;под заказ 14 дней
M-0091;Свет;прожектор 300 Вт;м²;2590;C;под заказ 5 дней
M-0092;Свет;прожектор 300 Вт тип 2;шт;9780;B;склад
M-0093;Свет;прожектор 300 Вт тип 3;м;4960;C;под заказ 14 дней
M-0094;Свет;прожектор 300 Вт тип 4;м;9350;A;под заказ 5 дней
M-0095;Свет;прожектор 300 Вт тип 5;компл;7900;B;склад
M-0096;Свет;прожектор 300 Вт тип 6;шт;7870;A;под заказ 5 дней
M-0097;Графика;баннер 80 г/м²;компл;2420;A;под заказ 14 дней
M-0098;Графика;баннер 80 г/м² тип 2;шт;1070;C;склад
M-0099;Графика;баннер 80 г/м² тип 3;шт;3120;B;склад
M-0100;Графика;баннер 80 г/м² тип 4;м;1690;A;под заказ 14 дней
M-0101;Графика;баннер 80 г/м² тип 5;компл;1090;B;склад
M-0102;Графика;баннер 80 г/м² тип 6;м²;810;A;склад
M-0103;Графика;интерьерная печать 300 dpi;шт;950;C;склад
M-0104;Графика;интерьерная печать 300 dpi тип 2;шт;2070;A;под заказ 5 дней
M-0105;Графика;интерьерная печать 300 dpi тип 3;м²;860;A;под заказ 5 дней
M-0106;Графика;интерьерная печать 300 dpi тип 4;компл;3140;C;склад
M-0107;Графика;интерьерная печать 300 dpi тип 5;м²;2390;A;склад
M-0108;Графика;интерьерная печать 300 dpi тип 6;компл;800;C;под заказ 5 дней
M-0109;Графика;объёмные буквы 80 мм;м;1580;B;склад
M-0110;Графика;объёмные буквы 80 мм тип 2;м;1950;A;под заказ 14 дней
M-0111;Графика;объёмные буквы 80 мм тип 3;компл;3110;B;под заказ 14 дней
M-0112;Графика;объёмные буквы 80 мм тип 4;шт;1690;B;под заказ 5 дней
M-0113;Графика;объёмные буквы 80 мм тип 5;шт;2230;A;под заказ 14 дней
M-0114;Графика;объёмные буквы 80 мм тип 6;компл;3170;B;под заказ 5 дней
M-0115;Графика;лайтбокс 300 мм;м;2890;B;под заказ 14 дней
M-0116;Графика;лайтбокс 300 мм тип 2;шт;740;C;под заказ 14 дней
M-0117;Графика;лайтбокс 300 мм тип 3;шт;1960;A;под заказ 14 дней
M-0118;Графика;лайтбокс 300 мм тип 4;шт;3140;B;склад
M-0119;Графика;лайтбокс 300 мм тип 5;м²;3170;A;склад
M-0120;Графика;лайтбокс 300 мм тип 6;шт;1020;C;склад
M-0121;Мебель;стойка ресепшн 80;шт;18860;C;под заказ 5 дней
M-0122;Мебель;стойка ресепшн 80 тип 2;м;3970;B;под заказ 5 дней
M-0123;Мебель;стойка ресепшн 80 тип 3;компл;15140;B;склад
M-0124;Мебель;стойка ресепшн 80 тип 4;м²;22260;C;под заказ 5 дней
M-0125;Мебель;стойка ресепшн 80 тип 5;м²;39000;C;склад
M-0126;Мебель;стойка ресепшн 80 тип 6;шт;12480;C;под заказ 5 дней
M-0127;Мебель;стол переговорный 300;м²;10280;A;под заказ 5 дней
M-0128;Мебель;стол переговорный 300 тип 2;м;5790;B;склад
M-0129;Мебель;стол переговорный 300 тип 3;м;24550;A;под заказ 5 дней
M-0130;Мебель;стол переговорный 300 тип 4;м²;35550;B;склад
M-0131;Мебель;стол переговорный 300 тип 5;м²;27380;B;под заказ 14 дней
M-0132;Мебель;стол переговорный 300 тип 6;шт;8420;A;склад
M-0133;Мебель;стул 80;шт;5700;B;под заказ 5 дней
M-0134;Мебель;стул 80 тип 2;компл;30990;A;склад
M-0135;Мебель;стул 80 тип 3;м²;34200;B;склад
M-0136;Мебель;стул 80 тип 4;компл;41660;A;под заказ 14 дней
M-0137;Мебель;стул 80 тип 5;шт;21390;C;склад
M-0138;Мебель;стул 80 тип 6;шт;33160;C;склад
M-0139;Мебель;витрина 300 мм;шт;4130;C;склад
M-0140;Мебель;витрина 300 мм тип 2;м;8940;B;под заказ 14 дней
M-0141;Мебель;витрина 300 мм тип 3;м;30320;C;под заказ 14 дней
M-0142;Мебель;витрина 300 мм тип 4;шт;10750;A;склад
M-0143;Мебель;витрина 300 мм тип 5;м;3610;C;под заказ 14 дней
M-0144;Мебель;витрина 300 мм тип 6;м²;6550;C;под заказ 5 дней
M-0145;Оборудование;"экран 80""";компл;91990;A;под заказ 14 дней
M-0146;Оборудование;"экран 80"" тип 2";м;53720;B;склад
M-0147;Оборудование;"экран 80"" тип 3";компл;116050;A;склад
M-0148;Оборудование;"экран 80"" тип 4";м;71970;A;под заказ 5 дней
M-0149;Оборудование;"экран 80"" тип 5";шт;69710;B;под заказ 14 дней
M-0150;Оборудование;"экран 80"" тип 6";шт;86370;A;склад
M-0151;Оборудование;медиаплеер 300;шт;44940;B;под заказ 5 дней
M-0152;Оборудование;медиаплеер 300 тип 2;м²;72420;C;склад
M-0153;Оборудование;медиаплеер 300 тип 3;компл;82170;B;под заказ 14 дней
M-0154;Оборудование;медиаплеер 300 тип 4;шт;64130;B;склад
M-0155;Оборудование;медиаплеер 300 тип 5;компл;79370;A;под заказ 14 дней
M-0156;Оборудование;медиаплеер 300 тип 6;м²;101170;B;склад
M-0157;Оборудование;кофемашина 80;м²;116440;A;склад
M-0158;Оборудование;кофемашина 80 тип 2;компл;118020;C;под заказ 14 дней
M-0159;Оборудование;кофемашина 80 тип 3;шт;66550;C;под заказ 14 дней
M-0160;Оборудование;кофемашина 80 тип 4;м²;96390;C;под заказ 14 дней
M-0161;Оборудование;кофемашина 80 тип 5;м;76370;B;склад
M-0162;Оборудование;кофемашина 80 тип 6;компл;66540;C;под заказ 14 дней
M-0163;Оборудование;холодильник 300 л;м²;23630;C;склад
M-0164;Оборудование;холодильник 300 л тип 2;шт;79290;C;склад
M-0165;Оборудование;холодильник 300 л тип 3;компл;76540;C;под заказ 5 дней
M-0166;Оборудование;холодильник 300 л тип 4;компл;49370;C;под заказ 14 дней
M-0167;Оборудование;холодильник 300 л тип 5;м;30370;A;склад
M-0168;Оборудование;холодильник 300 л тип 6;м;14370;A;под заказ 5 дней
M-0169;Пол и подиумы;пол деревянный инженерный 80 мм;компл;4190;A;склад
M-0170;Пол и подиумы;пол деревянный инженерный 80 мм тип 2;м;1590;A;под заказ 5 дней
M-0171;Пол и подиумы;пол деревянный инженерный 80 мм тип 3;шт;3770;C;склад
M-0172;Пол и подиумы;пол деревянный инженерный 80 мм тип 4;компл;3710;B;под заказ 14 дней
M-0173;Пол и подиумы;пол деревянный инженерный 80 мм тип 5;м²;2100;C;под заказ 14 дней
M-0174;Пол и подиумы;пол деревянный инженерный 80 мм тип 6;компл;2320;A;склад
M-0175;Пол и подиумы;подиум сборный 300 мм;м²;3760;B;под заказ 14 дней
M-0176;Пол и подиумы;подиум сборный 300 мм тип 2;компл;1830;A;склад
M-0177;Пол и подиумы;подиум сборный 300 мм тип 3;м;1890;B;под заказ 5 дней
M-0178;Пол и подиумы;подиум сборный 300 мм тип 4;компл;2100;B;склад
M-0179;Пол и подиумы;подиум сборный 300 мм тип 5;компл;3990;B;под заказ 5 дней
M-0180;Пол и подиумы;подиум сборный 300 мм тип 6;компл;4140;B;склад
M-0181;Пол и подиумы;ковровое покрытие 80 г/м²;м;2100;A;под заказ 14 дней
M-0182;Пол и подиумы;ковровое покрытие 80 г/м² тип 2;м;2170;C;под заказ 5 дней
M-0183;Пол и подиумы;ковровое покрытие 80 г/м² тип 3;шт;3180;A;под заказ 14 дней
M-0184;Пол и подиумы;ковровое покрытие 80 г/м² тип 4;м;2950;C;под заказ 14 дней
M-0185;Пол и подиумы;ковровое покрытие 80 г/м² тип 5;м²;3320;C;под заказ 5 дней
M-0186;Пол и подиумы;ковровое покрытие 80 г/м² тип 6;шт;3810;C;под заказ 14 дней
M-0187;Пол и подиумы;плинтус алюминиевый 300 мм;шт;2910;C;под заказ 14 дней
M-0188;Пол и подиумы;плинтус алюминиевый 300 мм тип 2;м²;1100;A;под заказ 14 дней
M-0189;Пол и подиумы;плинтус алюминиевый 300 мм тип 3;шт;4130;B;под заказ 5 дней
M-0190;Пол и подиумы;плинтус алюминиевый 300 мм тип 4;шт;1150;B;под заказ 14 дней
M-0191;Пол и подиумы;плинтус алюминиевый 300 мм тип 5;м²;3720;A;под заказ 5 дней
M-0192;Пол и подиумы;плинтус алюминиевый 300 мм тип 6;м;1870;C;под заказ 14 дней
M-0193;Акустика;панель звукоизоляционная 80 мм;м;3900;A;склад
M-0194;Акустика;панель звукоизоляционная 80 мм тип 2;м;4770;C;склад
M-0195;Акустика;панель звукоизоляционная 80 мм тип 3;м;4620;B;склад
M-0196;Акустика;панель звукоизоляционная 80 мм тип 4;м;5030;B;под заказ 5 дней
M-0197;Акустика;панель звукоизоляционная 80 мм тип 5;шт;4230;A;под заказ 5 дней
M-0198;Акустика;панель звукоизоляционная 80 мм тип 6;компл;3850;C;под заказ 14 дней
M-0199;Акустика;мембрана акустическая 300 мм;компл;2930;B;под заказ 14 дней
M-0200;Акустика;мембрана акустическая 300 мм тип 2;м²;3820;C;склад
M-0201;Акустика;мембрана акустическая 300 мм тип 3;м²;5430;A;под заказ 14 дней
M-0202;Акустика;мембрана акустическая 300 мм тип 4;м;2680;A;под заказ 5 дней
M-0203;Акустика;мембрана акустическая 300 мм тип 5;компл;3220;B;склад
M-0204;Акустика;мембрана акустическая 300 мм тип 6;м²;4720;A;под заказ 5 дней
M-0205;Акустика;уплотнитель дверной 80 мм;шт;4730;C;под заказ 5 дней
M-0206;Акустика;уплотнитель дверной 80 мм тип 2;м²;4410;C;под заказ 14 дней
M-0207;Акустика;уплотнитель дверной 80 мм тип 3;м²;2300;B;склад
M-0208;Акустика;уплотнитель дверной 80 мм тип 4;компл;2780;C;под заказ 5 дней
M-0209;Акустика;уплотнитель дверной 80 мм тип 5;м²;2340;B;склад
M-0210;Акустика;уплотнитель дверной 80 мм тип 6;шт;4540;C;склад
M-0211;Акустика;потолок акустический 300 мм;м;5620;A;склад
M-0212;Акустика;потолок акустический 300 мм тип 2;м;5460;B;склад
M-0213;Акустика;потолок акустический 300 мм тип 3;шт;5330;B;под заказ 5 дней
M-0214;Акустика;потолок акустический 300 мм тип 4;м;4740;B;под заказ 14 дней
M-0215;Акустика;потолок акустический 300 мм тип 5;компл;5720;A;склад
M-0216;Акустика;потолок акустический 300 мм тип 6;м²;2700;B;под заказ 14 дней
M-0217;Барная зона;стойка барная 80 мм;м;41530;C;под заказ 5 дней
M-0218;Барная зона;стойка барная 80 мм тип 2;шт;53940;C;под заказ 5 дней
M-0219;Барная зона;стойка барная 80 мм тип 3;м²;80100;A;под заказ 14 дней
M-0220;Барная зона;стойка барная 80 мм тип 4;м;57830;B;под заказ 5 дней
M-0221;Барная зона;стойка барная 80 мм тип 5;м²;80780;A;под заказ 14 дней
M-0222;Барная зона;стойка барная 80 мм тип 6;компл;80530;A;под заказ 14 дней
M-0223;Барная зона;фронт барный 300 мм;компл;60360;B;склад
M-0224;Барная зона;фронт барный 300 мм тип 2;м²;41660;A;под заказ 14 дней
M-0225;Барная зона;фронт барный 300 мм тип 3;м;75800;B;под заказ 5 дней
M-0226;Барная зона;фронт барный 300 мм тип 4;шт;48880;A;склад
M-0227;Барная зона;фронт барный 300 мм тип 5;шт;38660;B;под заказ 14 дней
M-0228;Барная зона;фронт барный 300 мм тип 6;м²;33830;A;под заказ 14 дней
M-0229;Барная зона;столешница искусственный камень 80 мм;шт;59700;B;под заказ 14 дней
M-0230;Барная зона;столешница искусственный камень 80 мм тип 2;шт;71900;C;под заказ 14 дней
M-0231;Барная зона;столешница искусственный камень 80 мм тип 3;шт;13870;A;склад
M-0232;Барная зона;столешница искусственный камень 80 мм тип 4;шт;72340;A;под заказ 14 дней
M-0233;Барная зона;столешница искусственный камень 80 мм тип 5;компл;22120;C;склад
M-0234;Барная зона;столешница искусственный камень 80 мм тип 6;шт;49100;B;склад
M-0235;Барная зона;стул барный 300;м²;34610;A;под заказ 14 дней
M-0236;Барная зона;стул барный 300 тип 2;шт;89450;A;склад
M-0237;Барная зона;стул барный 300 тип 3;м²;77820;A;под заказ 14 дней
M-0238;Барная зона;стул барный 300 тип 4;компл;47240;B;под заказ 5 дней
M-0239;Барная зона;стул барный 300 тип 5;компл;74640;A;под заказ 5 дней
M-0240;Барная зона;стул барный 300 тип 6;м;41390;B;склад
