nedelya;kod_nedeli;obyekt;zagruzka_proc;status;zanyato_chelovek
1;2027-W01;резерв;35;свободно;2
2;2027-W02;свободно;35;свободно;2
3;2027-W03;P-2027-009;45;свободно;3
4;2027-W04;P-2027-004;70;частично;4
5;2027-W05;P-2027-009;55;свободно;3
6;2027-W06;P-2027-004;75;частично;4
7;2027-W07;резерв;45;свободно;3
8;2027-W08;P-2027-009;60;частично;4
9;2027-W09;резерв;35;свободно;2
10;2027-W10;ЖК Горизонт, офис продаж;100;занято;6
11;2027-W11;ЖК Горизонт, офис продаж;100;занято;6
12;2027-W12;ЖК Горизонт, офис продаж;100;занято;6
13;2027-W13;ЖК Горизонт, монтаж;85;занято;6
14;2027-W14;ЖК Горизонт, монтаж;85;занято;6
15;2027-W15;резерв;55;свободно;3
16;2027-W16;P-2027-004;75;частично;4
17;2027-W17;P-2027-009;60;частично;4
18;2027-W18;резерв;60;частично;4
19;2027-W19;свободно;60;частично;4
20;2027-W20;резерв;35;свободно;2
21;2027-W21;P-2027-009;75;частично;4
22;2027-W22;свободно;45;свободно;3
23;2027-W23;резерв;35;свободно;2
24;2027-W24;P-2027-009;35;свободно;2
25;2027-W25;P-2027-004;60;частично;4
26;2027-W26;P-2027-009;75;частично;4
