gorod;koef_goroda;vid_rabot;ed_izm;stavka_rub;nochnaya;vyhodnye
Москва;1.0;Монтаж каркаса;м²;1400;ночная смена ×1,4;выходные ×1,25
Москва;1.0;Зашивка и отделка;м²;1100;ночная смена ×1,4;выходные ×1,25
Москва;1.0;Электромонтаж;точка;2600;ночная смена ×1,4;выходные ×1,25
Москва;1.0;Монтаж графики;м²;900;ночная смена ×1,4;выходные ×1,25
Москва;1.0;Сборка мебели;шт;1800;ночная смена ×1,4;выходные ×1,25
Москва;1.0;Демонтаж;м²;620;ночная смена ×1,4;выходные ×1,25
Москва;1.0;Погрузка и доставка;рейс;28000;ночная смена ×1,4;выходные ×1,25
Москва;1.0;Работа бригадира;смена;12000;ночная смена ×1,4;выходные ×1,25
Московская область;1.05;Монтаж каркаса;м²;1470;ночная смена ×1,4;выходные ×1,25
Московская область;1.05;Зашивка и отделка;м²;1155;ночная смена ×1,4;выходные ×1,25
Московская область;1.05;Электромонтаж;точка;2730;ночная смена ×1,4;выходные ×1,25
Московская область;1.05;Монтаж графики;м²;945;ночная смена ×1,4;выходные ×1,25
Московская область;1.05;Сборка мебели;шт;1890;ночная смена ×1,4;выходные ×1,25
Московская область;1.05;Демонтаж;м²;651;ночная смена ×1,4;выходные ×1,25
Московская область;1.05;Погрузка и доставка;рейс;29400;ночная смена ×1,4;выходные ×1,25
Московская область;1.05;Работа бригадира;смена;12600;ночная смена ×1,4;выходные ×1,25
Санкт-Петербург;1.15;Монтаж каркаса;м²;1609;ночная смена ×1,4;выходные ×1,25
Санкт-Петербург;1.15;Зашивка и отделка;м²;1265;ночная смена ×1,4;выходные ×1,25
Санкт-Петербург;1.15;Электромонтаж;точка;2989;ночная смена ×1,4;выходные ×1,25
Санкт-Петербург;1.15;Монтаж графики;м²;1035;ночная смена ×1,4;выходные ×1,25
Санкт-Петербург;1.15;Сборка мебели;шт;2070;ночная смена ×1,4;выходные ×1,25
Санкт-Петербург;1.15;Демонтаж;м²;713;ночная смена ×1,4;выходные ×1,25
Санкт-Петербург;1.15;Погрузка и доставка;рейс;32199;ночная смена ×1,4;выходные ×1,25
Санкт-Петербург;1.15;Работа бригадира;смена;13799;ночная смена ×1,4;выходные ×1,25
Екатеринбург;1.25;Монтаж каркаса;м²;1750;ночная смена ×1,4;выходные ×1,25
Екатеринбург;1.25;Зашивка и отделка;м²;1375;ночная смена ×1,4;выходные ×1,25
Екатеринбург;1.25;Электромонтаж;точка;3250;ночная смена ×1,4;выходные ×1,25
Екатеринбург;1.25;Монтаж графики;м²;1125;ночная смена ×1,4;выходные ×1,25
Екатеринбург;1.25;Сборка мебели;шт;2250;ночная смена ×1,4;выходные ×1,25
Екатеринбург;1.25;Демонтаж;м²;775;ночная смена ×1,4;выходные ×1,25
Екатеринбург;1.25;Погрузка и доставка;рейс;35000;ночная смена ×1,4;выходные ×1,25
Екатеринбург;1.25;Работа бригадира;смена;15000;ночная смена ×1,4;выходные ×1,25
Казань;1.2;Монтаж каркаса;м²;1680;ночная смена ×1,4;выходные ×1,25
Казань;1.2;Зашивка и отделка;м²;1320;ночная смена ×1,4;выходные ×1,25
Казань;1.2;Электромонтаж;точка;3120;ночная смена ×1,4;выходные ×1,25
Казань;1.2;Монтаж графики;м²;1080;ночная смена ×1,4;выходные ×1,25
Казань;1.2;Сборка мебели;шт;2160;ночная смена ×1,4;выходные ×1,25
Казань;1.2;Демонтаж;м²;744;ночная смена ×1,4;выходные ×1,25
Казань;1.2;Погрузка и доставка;рейс;33600;ночная смена ×1,4;выходные ×1,25
Казань;1.2;Работа бригадира;смена;14400;ночная смена ×1,4;выходные ×1,25
Новосибирск;1.3;Монтаж каркаса;м²;1820;ночная смена ×1,4;выходные ×1,25
Новосибирск;1.3;Зашивка и отделка;м²;1430;ночная смена ×1,4;выходные ×1,25
Новосибирск;1.3;Электромонтаж;точка;3380;ночная смена ×1,4;выходные ×1,25
Новосибирск;1.3;Монтаж графики;м²;1170;ночная смена ×1,4;выходные ×1,25
Новосибирск;1.3;Сборка мебели;шт;2340;ночная смена ×1,4;выходные ×1,25
Новосибирск;1.3;Демонтаж;м²;806;ночная смена ×1,4;выходные ×1,25
Новосибирск;1.3;Погрузка и доставка;рейс;36400;ночная смена ×1,4;выходные ×1,25
Новосибирск;1.3;Работа бригадира;смена;15600;ночная смена ×1,4;выходные ×1,25
